{
  "weights": [
    2.2700118021988738,
    0.5998586925282408,
    0.6522038851738214,
    -0.004256326132823888,
    -0.008482842715636473,
    0.11216732866704332,
    -0.08726683349380537,
    -0.03603497707515041,
    0.0049414184488063015,
    0.03961943014353024,
    -0.009385980986563151
  ],
  "scaler": {
    "mean": [
      2.322049426826979,
      2.268339828178968,
      0.0001784602052618197,
      0.00016950383362947783,
      -0.05370959864800436,
      0.13713299763799539,
      0.14859960656997942,
      0.12006894236892388,
      0.19237964588248413,
      0.1046279255335626
    ],
    "std": [
      1.3179337968050686,
      1.3199440144670633,
      0.0004296277434191822,
      0.00042294635698401857,
      0.6267294682263924,
      0.2830427137224768,
      0.6443281440162778,
      0.6502836256024744,
      0.8032579713686113,
      0.46619341033957784
    ]
  },
  "window": 2,
  "ridge_lambda": 1.0
}